"Reference","Qty","Value","Supply part number","Supply name","Supply URL"
"C1,C16,C17,C18,C19,C20,C25,C26,C27,C28","10","100nF/16V","Tụ Gốm 0603 100nF (0.1uF) 16V","Thegioiic","https://www.thegioiic.com/tu-gom-0603-100nf-0-1uf-16v"
"C2,C9","2","10uF/25V","Tụ Gốm 0603 10uF 25V","Thegioiic","https://www.thegioiic.com/tu-gom-0603-10uf-25v"
"C3,C8","2","10nF/50V","Tụ Gốm 0603 10nF 50V","Thegioiic","https://www.thegioiic.com/tu-gom-0603-10nf-50v"
"C4,C5","2","47uF/16V","Tụ Gốm 1206 47uF 16V","Thegioiic","https://www.thegioiic.com/tu-gom-1206-47uf-16v"
"C6","1","4.7nF/50V","Tụ Gốm 0603 4.7nF 50V","Thegioiic","https://www.thegioiic.com/tu-gom-0603-4-7nf-50v"
"C7","1","39pF/50V","Tụ Gốm 0603 39pF 50V","Thegioiic","https://www.thegioiic.com/tu-gom-0603-39pf-50v"
"C10,C13","2","10uF/16V","Tụ Gốm 0603 10uF 16V","Thegioiic","https://www.thegioiic.com/tu-gom-0603-10uf-16v"
"C11,C12,C21,C22,C23,C24","6","1uF/16V","Tụ Gốm 0603 1uF 16V","Thegioiic","https://www.thegioiic.com/tu-gom-0603-1uf-16v"
"C14,C15","2","22pF/50V","Tụ Gốm 0603 22pF 50V","Thegioiic","https://www.thegioiic.com/tu-gom-0603-22pf-50v"
"D1,D3","2","SS34","SS34 SMA Diode Shotky 3A 40V","Thegioiic","https://www.thegioiic.com/ss34-smc-diode-schottky-3a"
"D2,D4,D5,D6,D11,D12,D13,D14","8","LED_0805","LED Xanh Lá 0805 Dán SMD Trong Suốt","Thegioiic","https://www.thegioiic.com/led-xanh-la-0805-dan-smd-trong-suot"
"D7,D8,D9,D10","4","SS210","SS210 SMA Diode Schottky 2A 100V","Thegioiic","https://www.thegioiic.com/ss210-sma-diode-schottky-2a-100v"
"F1","1","Fuse_16V_2.5A","MF-MSMF250/16 Cầu Chì Tự Phục Hồi 1812 16V 2.5A","Thegioiic","https://www.thegioiic.com/mf-msmf250-16-cau-chi-tu-phuc-hoi-1812-16v-2-5a"
"J1","1","Jack_DC","DC050 Đầu Nối Nguồn DC Cái 5521 Dán SMD Kim 2.1mm","Thegioiic","https://www.thegioiic.com/dc050-dau-noi-nguon-dc-cai-5521-dan-smd-kim-2-1mm"
"J2","1","Conn_01x04","Hàng Rào Đực Đơn 2.54mm 40 Chân 1 Hàng Cao 11.2mm Xuyên Lỗ Mạ Vàng","Thegioiic","https://www.thegioiic.com/hang-rao-duc-don-2-54mm-40-chan-1-hang-cao-11-2mm-xuyen-lo-ma-vang"
"J3","1","Conn_01x05","Hàng Rào Cái Đơn 2.54mm 5 Chân 1 Hàng Cao 11.8mm Xuyên Lỗ","Thegioiic","https://www.thegioiic.com/hang-rao-cai-don-2-54mm-5-chan-1-hang-cao-11-8mm-xuyen-lo"
"J4,J5","2","Conn_01x03","Hàng Rào Cái Đơn 2.54mm 3 Chân 1 Hàng Cao 11.8mm Xuyên Lỗ","Thegioiic","https://www.thegioiic.com/hang-rao-cai-don-2-54mm-3-chan-1-hang-cao-11-8mm-xuyen-lo"
"J6,J7,J8,J9,J11","5","Terminal","KF-3.81-2-R Terminal Block Plug-in Hàn PCB 2 Chân Cong 3.81mm 300V 10A","Thegioiic","https://www.thegioiic.com/kf-3-81-2-r-terminal-block-plug-in-han-pcb-2-chan-cong-3-81mm-300v-10a"
"J10","1","Conn_01x08","Hàng Rào Cái Đơn 2.54mm 8 Chân 1 Hàng Cao 11.8mm Xuyên Lỗ","Thegioiic","https://www.thegioiic.com/hang-rao-cai-don-2-54mm-8-chan-1-hang-cao-11-8mm-xuyen-lo"
"K1,K2,K3,K4","4","HF46F 12-HS1","HF46F 12-HS1 Rơ Le 12VDC 5A SPST-NO 4 Chân","Thegioiic","https://www.thegioiic.com/hf46f-12-hs1-ro-le-12vdc-5a-spst-no-4-chan"
"L1","1","10uH/5.6A","Cuộn Cảm Dán SMD CDRH104 1038-100 10uH 5.6A","Thegioiic","https://www.thegioiic.com/cuon-cam-dan-smd-cdrh104-1038-100-10uh-5-6a"
"Q1,Q2,Q3,Q4","4","MMBTA42","MMBTA42 Transistor NPN 300V 0.5A 3 Chân SOT-23","Thegioiic","https://www.thegioiic.com/mmbta42-transistor-npn-300v-0-5a-3-chan-sot-23"
"R1","1","100K/1%/1_10W","Điện Trở 100 KOhm 0603 1%","Thegioiic","https://www.thegioiic.com/dien-tro-100-kohm-0603-1-"
"R2,R7","2","2.49K/1%/1_10W","Điện Trở 2.49 KOhm 0603 1%","Thegioiic","https://www.thegioiic.com/dien-tro-2-49-kohm-0603-1-"
"R3","1","20K/1%/1_10W","Điện Trở 20 KOhm 0603 1%","Thegioiic","https://www.thegioiic.com/dien-tro-20-kohm-0603-1-"
"R4","1","30K/1%/1_10W","Điện Trở 30 KOhm 0603 1%","Thegioiic","https://www.thegioiic.com/dien-tro-30-kohm-0603-1-"
"R5","1","49.9K/1%/1_10W","Điện Trở 49.9 KOhm 0603 1%","Thegioiic","https://www.thegioiic.com/dien-tro-49-9-kohm-0603-1-"
"R6,R10,R11,R13,R14,R16,R17","7","10K/1%/1_10W","Điện Trở 10 KOhm 0603 1%","Thegioiic","https://www.thegioiic.com/dien-tro-10-kohm-0603-1-"
"R8,R12,R30,R31,R32,R33","6","1K/1%/1_10W","Điện Trở 1 KOhm 0603 1%","Thegioiic","https://www.thegioiic.com/dien-tro-1-kohm-0603-1-"
"R9,R18,R19,R24,R25","5","220/1%/1_10W","Điện Trở 220 Ohm 0603 1%","Thegioiic","https://www.thegioiic.com/dien-tro-220-ohm-0603-1-"
"R15","1","4.7/1%/1_10W","Điện Trở 4.7 Ohm 0603 1%","Thegioiic","https://www.thegioiic.com/dien-tro-4-7-ohm-0603-1-"
"R20,R21,R26,R27","4","2K2/1%/1_10W","Điện Trở 2.2 KOhm 0603 1%","Thegioiic","https://www.thegioiic.com/dien-tro-2-2-kohm-0603-1-"
"R22,R23,R28,R29","4","47K/1%/1_10W","Điện Trở 47 KOhm 0603 1%","Thegioiic","https://www.thegioiic.com/dien-tro-47-kohm-0603-1-"
"RV1","1","470V","Tụ Chống Sét Varistor 07D471K 470V","Thegioiic","https://www.thegioiic.com/tu-chong-set-varistor-07d471k-470v"
"SW1","1","EN","Nút Nhấn 3x4mm Cao 2.5mm 2 Chân SMD","Thegioiic","https://www.thegioiic.com/nut-nhan-3x4mm-cao-2-5mm-2-chan-smd"
"SW2,SW3,SW4,SW5","4","SW_12x12mm_SMD","Nút Nhấn 12x12mm Cao 10mm 4 Chân SMD","Thegioiic","https://www.thegioiic.com/nut-nhan-12x12mm-cao-10mm-4-chan-smd"
"TP1,TP2,TP3,TP4","4","TestPoint","","",""
"U1","1","TPS54231DR","TPS54231DR IC Điều Chỉnh Giảm Áp 2A 8-SOIC","Thegioiic","https://www.thegioiic.com/tps54231dr-ic-dieu-chinh-giam-ap-2a-8-soic"
"U2","1","AMS1117-3.3","AMS1117-3.3V IC Ổn Áp 3.3V 1A SOT-223","Thegioiic","https://www.thegioiic.com/ams1117-3-3v-ic-on-ap-3-3v-1a-sot-223"
"U3","1","STM32F103C8T6","STM32F103C8T6, 32-Bit ARM Cortex M3 Microcontroller, 72MHz, 64KB FLASH, 48-LQFP","Thegioiic","https://www.thegioiic.com/stm32f103c8t6-32-bit-arm-cortex-m3-microcontroller-72mhz-64kb-flash-48-lqfp"
"U4","1","AM2302","DHT22 AM2302 Cảm Biến Nhiệt Độ Độ Ẩm","Thegioiic","https://www.thegioiic.com/dht22-am2302-cam-bien-nhiet-do-do-am"
"U5,U6,U7,U8","4","PC817X2NIPW","PC817X2NIPW Optoisolator Transistor Output 5000Vrms 1 Channel, SOP-4","Thegioiic","https://www.thegioiic.com/pc817x2nipw-optoisolator-transistor-output-5000vrms-1-channel-sop-4"
"Y1","1","8MHz_3225","Thạch Anh 27.12MHz 3225 4 Chân SMD","Thegioiic","https://www.thegioiic.com/thach-anh-27-12mhz-3225-4-chan-smd"
